model,type,statistic,r2_train,r2_test,rmse_train,rmse_test,n_samples,n_features
disc_0,disc,SFS_1,0.2460883727808918,0.2452854029611653,3.8715624198519007,3.8455848543759,199837,64
disc_0,disc,SFS_2,0.06043699154996518,0.06403981595308095,2.1337495213991997,2.12029787864742,199837,64
disc_0,disc,SFS_3,0.041406337472089993,0.03496193119093327,1.8247821846551213,1.7788430289459847,199837,64
disc_0,disc,SFS_4,0.029666754362381087,0.026391982068920017,1.6434777277325059,1.6105159531796729,199837,64
disc_0,disc,SFS_5,0.02296700675922203,0.020536485114234337,1.5485861610865748,1.5560826501575025,199837,64
disc_0,disc,SFS_6,0.018079778589885742,0.01740832588008079,1.4562255076865407,1.4678470850020335,199837,64
disc_0,disc,SFS_7,0.015052028248326854,0.015093286713451004,1.4063541845028635,1.4591015663365026,199837,64
disc_0,disc,SFS_8,0.011850766334779661,0.013051273730921742,1.3944689687528813,1.4069132516654212,199837,64
disc_0,disc,SFS_9,0.011725038819327516,0.008729485132066728,1.332718076730425,1.342584626328423,199837,64
disc_0,disc,LD_1,0.4263219459617099,0.4366798934784484,0.07330578108069462,0.0719099033735625,199837,64
disc_0,disc,LD_2,0.34272133529645543,0.35454974506075665,0.07498874663536903,0.07364075640253882,199837,64
disc_0,disc,LD_3,0.22997387760737653,0.23555757387862986,0.08231969554816863,0.08056723243004581,199837,64
disc_0,disc,LD_4,0.10453492499221839,0.0992114893682925,0.08982933428570562,0.09096701938191905,199837,64
disc_0,disc,LD_5,0.06088645806724802,0.059512990310507496,0.0887102033398611,0.0901528940424687,199837,64
disc_0,disc,LD_6,0.05460248677103896,0.05103586177080954,0.0778084092939148,0.07975340428207783,199837,64
disc_0,disc,LD_7,0.06194025365188438,0.05785677970021741,0.06027043567858862,0.06102337066497281,199837,64
disc_0,disc,LD_8,0.06831871823205904,0.06545828832398837,0.0429088745543688,0.0428573388307218,199837,64
disc_0,disc,LD_9,0.06980271209468591,0.07875655553675842,0.029925439639360295,0.02941247856466443,199837,64
disc_0,disc,LD_10,0.07212864681022724,0.08608328975214585,0.020025449786228625,0.02116741011496051,199837,64
disc_0,disc,LD_11,0.05480317830830572,0.06047798486884648,0.013693426306333124,0.013947176707525027,199837,64
disc_0,disc,LD_12,0.05125780224553811,0.03956057834741433,0.008641440924969403,0.010447347896526831,199837,64
disc_0,disc,LD_13,0.03294985213126467,0.02694443965796356,0.0057776256196961865,0.0064772621064077595,199837,64
disc_0,disc,LD_14,0.02296643595901482,0.020372762171536274,0.0033225053998635554,0.004820807213140873,199837,64
disc_0,disc,LD_15,0.007829289562756858,0.004741517671410622,0.0018616422366660077,0.005209824971389133,199837,64
disc_0,disc,$\pi$,0.44618617519397963,0.4464359182562211,1.6605169905370236,1.6566418598828268,199837,64
disc_0,disc,#haps,0.09018721004805508,0.09153512597108493,12.00273884298343,11.899139938297015,199837,64
disc_0,disc,ihs_maxabs,0.21982383760153001,0.2251148992337546,0.23072113827644877,0.22982809746727242,199837,64
disc_0,disc,garud_h1,0.38258284718782276,0.38272755415186,0.07656690364824148,0.07705219724559324,199837,64
disc_0,disc,garud_h12,0.2812939438179388,0.28258874516145416,0.12244942747590366,0.12245837526042036,199837,64
disc_0,disc,garud_h123,0.22211484914644875,0.22581663437332278,0.1453786588191096,0.14474073226848347,199837,64
disc_0,disc,garud_h2_h1,0.3035635921609874,0.29966202507759465,0.16424141672669842,0.16450264590746894,199837,64
disc_1,disc,SFS_1,0.286917185979102,0.2849390197318874,3.7652691831316027,3.7431959624206463,199837,64
disc_1,disc,SFS_2,0.06202802651555939,0.06107372596286487,2.1319421340908304,2.123654869570074,199837,64
disc_1,disc,SFS_3,0.03945581990197711,0.03345892729576827,1.8266377471931485,1.7802277244783375,199837,64
disc_1,disc,SFS_4,0.028190109603741798,0.023374687871637767,1.644727767449307,1.6130095857552953,199837,64
disc_1,disc,SFS_5,0.023771861113929704,0.02437655323841459,1.5479481871824445,1.5530292787827282,199837,64
disc_1,disc,SFS_6,0.018174036255788728,0.021416449069872057,1.4561556121346593,1.4648502532212264,199837,64
disc_1,disc,SFS_7,0.015539506414482318,0.015050897432057453,1.4060061195156603,1.4591329650469416,199837,64
disc_1,disc,SFS_8,0.011982579739724164,0.014717131246563042,1.3943759585947009,1.4057253952097675,199837,64
disc_1,disc,SFS_9,0.012969241320608282,0.009170501204897263,1.3318788905459544,1.3422859352740792,199837,64
disc_1,disc,LD_1,0.3920383549967821,0.3920795633438058,0.07546441297809053,0.07470238206175459,199837,64
disc_1,disc,LD_2,0.321533218253662,0.3184386805924496,0.07618783310422018,0.07567271568388917,199837,64
disc_1,disc,LD_3,0.193775601844426,0.18668383558053836,0.08423236502280529,0.08310281903452807,199837,64
disc_1,disc,LD_4,0.06874378786852364,0.06531139148482679,0.09160695479459138,0.09266292833602453,199837,64
disc_1,disc,LD_5,0.06903649704974446,0.06856499762353274,0.08832443152620989,0.08971799288424945,199837,64
disc_1,disc,LD_6,0.070807499993085,0.06815931769981676,0.07713867180697527,0.07903057891145326,199837,64
disc_1,disc,LD_7,0.05875243574090683,0.06156876787877341,0.060372757637048254,0.06090303779883049,199837,64
disc_1,disc,LD_8,0.05157545013625353,0.05552387980477824,0.04329271596728364,0.043084528688314944,199837,64
disc_1,disc,LD_9,0.04242964025671214,0.04943143579235709,0.030362557638660876,0.02987694188858909,199837,64
disc_1,disc,LD_10,0.03495033602871134,0.045051908843053434,0.020422703302180503,0.021637361334808213,199837,64
disc_1,disc,LD_11,0.02535228419407265,0.024639308763028223,0.013905123077388653,0.014210699214269056,199837,64
disc_1,disc,LD_12,0.016207539780562552,0.014250581046555633,0.008799617638319405,0.010584109713531064,199837,64
disc_1,disc,LD_13,0.008756000965635113,0.0089848776104261,0.00584945204114654,0.0065367638070891855,199837,64
disc_1,disc,LD_14,0.005234216018485283,0.005962591455863642,0.003352519967832118,0.004856134450745874,199837,64
disc_1,disc,LD_15,0.0024276495964763445,0.0015053069434217692,0.0018667029945374665,0.005218288304438895,199837,64
disc_1,disc,$\pi$,0.4610155413999084,0.45863960333627973,1.638134468801428,1.6382792107817494,199837,64
disc_1,disc,#haps,0.07179508907953414,0.06741483819815719,12.123451204437982,12.056069771078528,199837,64
disc_1,disc,ihs_maxabs,0.17728343752934606,0.17096008668402185,0.2369278794891473,0.23772353876886027,199837,64
disc_1,disc,garud_h1,0.273573949901909,0.27111860054510994,0.08305149303135645,0.08372882871500376,199837,64
disc_1,disc,garud_h12,0.19963787012304213,0.19467136227379056,0.12921840388063033,0.12974510197743172,199837,64
disc_1,disc,garud_h123,0.1572066832307294,0.15135018778124687,0.15132248300291518,0.15154203235846408,199837,64
disc_1,disc,garud_h2_h1,0.28428154781585935,0.28294272084996297,0.1664995469741587,0.16645466615865034,199837,64
disc_2,disc,SFS_1,0.25060545232128895,0.24588466548031118,3.859946715365688,3.844057805264237,199837,64
disc_2,disc,SFS_2,0.055590949972335824,0.05488749813856608,2.139245129441211,2.130639360710328,199837,64
disc_2,disc,SFS_3,0.03677327884393611,0.03373424638813671,1.82918662235626,1.7799741576080093,199837,64
disc_2,disc,SFS_4,0.027070558430930203,0.024943738675380356,1.6456748801002796,1.6117133305233893,199837,64
disc_2,disc,SFS_5,0.021911588070608,0.020026926126023303,1.5494223486266923,1.55648736804047,199837,64
disc_2,disc,SFS_6,0.01798018488410702,0.016779975557188576,1.456299356464809,1.4683163413620126,199837,64
disc_2,disc,SFS_7,0.015528972718036993,0.014600127467000457,1.4060136416062583,1.4594668188861493,199837,64
disc_2,disc,SFS_8,0.011888902439596505,0.014223787706277191,1.3944420597972038,1.4060772833705792,199837,64
disc_2,disc,SFS_9,0.011376617843862014,0.01001355396141157,1.3329529840339807,1.3417147680488268,199837,64
disc_2,disc,LD_1,0.47970671399360376,0.4865648968523042,0.06981170072383208,0.06865210494154748,199837,64
disc_2,disc,LD_2,0.4144458379499175,0.421878254882573,0.07077907185539392,0.06969417874560055,199837,64
disc_2,disc,LD_3,0.27207550274656245,0.27738757263380054,0.08003762515297021,0.07833191923499913,199837,64
disc_2,disc,LD_4,0.10042142649528507,0.10153923284342414,0.090035422415734,0.09084940861329095,199837,64
disc_2,disc,LD_5,0.029452207062657165,0.029180310447131097,0.090182648657232,0.0915951672596773,199837,64
disc_2,disc,LD_6,0.03350253179421947,0.030680909475440776,0.07867190550315226,0.08060420758751671,199837,64
disc_2,disc,LD_7,0.061736348814150355,0.06020590932617276,0.06027698577611335,0.06094724567975373,199837,64
disc_2,disc,LD_8,0.0887080243440368,0.0924893930594427,0.04243675931963378,0.042232978411576534,199837,64
disc_2,disc,LD_9,0.1020161350820129,0.11373844713282444,0.029402703981950988,0.028848641925504466,199837,64
disc_2,disc,LD_10,0.10522262436060281,0.12298446853687628,0.019665087961637493,0.020735669276829655,199837,64
disc_2,disc,LD_11,0.08164282298541725,0.08337484439612286,0.013497608113787871,0.013776176828901603,199837,64
disc_2,disc,LD_12,0.06015817667207923,0.04821742573594745,0.008600811714186793,0.010400158134243455,199837,64
disc_2,disc,LD_13,0.03684774135023894,0.03659062339201513,0.005765969924329445,0.00644507664702105,199837,64
disc_2,disc,LD_14,0.02123758164378442,0.021423976443491366,0.003325443676093809,0.004818219973124529,199837,64
disc_2,disc,LD_15,0.009818785548675324,0.003983891594725453,0.0018597748219876483,0.005211807545987152,199837,64
disc_2,disc,$\pi$,0.5426829755077778,0.5373660005837025,1.5089335395545918,1.514479686420574,199837,64
disc_2,disc,#haps,0.09352319744842585,0.09184556824419354,11.980713566050417,11.897106666681461,199837,64
disc_2,disc,ihs_maxabs,0.19951686047741346,0.19915711531495328,0.23370453599937163,0.23364588004114933,199837,64
disc_2,disc,garud_h1,0.34369567201777707,0.3426251904538178,0.07894131806185671,0.07951574112837,199837,64
disc_2,disc,garud_h12,0.2592659792522819,0.25803944529665335,0.12431177065322309,0.1245359703019575,199837,64
disc_2,disc,garud_h123,0.20990229128645121,0.20796099126144119,0.1465154146530334,0.1464003562082706,199837,64
disc_2,disc,garud_h2_h1,0.3188917798972145,0.31581146541160654,0.16242392833675862,0.16259490990108938,199837,64
disc_3,disc,SFS_1,0.1534353698261639,0.14896509075576558,4.102570990208828,4.083614256384269,199837,64
disc_3,disc,SFS_2,0.04835564243651869,0.049916196029552995,2.1474240876065345,2.1362356044704893,199837,64
disc_3,disc,SFS_3,0.028655395032500697,0.02707912466707374,1.8368784611115543,1.7860933941863189,199837,64
disc_3,disc,SFS_4,0.01922982674253071,0.01773201325803786,1.6522927304282744,1.6176626390823499,199837,64
disc_3,disc,SFS_5,0.013797983464761576,0.012474665383818584,1.5558355913491364,1.5624734700264487,199837,64
disc_3,disc,SFS_6,0.011284578190638106,0.01065410377524767,1.4612555922011743,1.4728833511268675,199837,64
disc_3,disc,SFS_7,0.008261755424451178,0.007187186400533174,1.4111935905681017,1.4649461531538208,199837,64
disc_3,disc,SFS_8,0.006263491592370496,0.005805208079063595,1.398405772266134,1.4120685054392852,199837,64
disc_3,disc,SFS_9,0.005666623180490271,0.004330429941509895,1.336796811847787,1.3455603861036562,199837,64
disc_3,disc,LD_1,0.4669876531391304,0.4662205301035125,0.07065985502273914,0.0699990283792664,199837,64
disc_3,disc,LD_2,0.4079263251673003,0.4068089963641969,0.07117200539720853,0.07059665604931342,199837,64
disc_3,disc,LD_3,0.26438851116859796,0.2562259235031581,0.08045911996028292,0.0794706148414208,199837,64
disc_3,disc,LD_4,0.09159981003066087,0.09603656320209564,0.09047580654507645,0.09112718990227688,199837,64
disc_3,disc,LD_5,0.027112719304938082,0.02746739153461142,0.09029127505123702,0.09167593712371852,199837,64
disc_3,disc,LD_6,0.029355032437243023,0.026974896364924894,0.07884052590105754,0.08075814826198278,199837,64
disc_3,disc,LD_7,0.04751190933003491,0.045421346994098166,0.06073217823965055,0.06142477692392144,199837,64
disc_3,disc,LD_8,0.06291504745693688,0.06002531268252542,0.04303312852809435,0.04298173426756157,199837,64
disc_3,disc,LD_9,0.06216748062133215,0.07271529281838907,0.030048005415871607,0.02950876047275576,199837,64
disc_3,disc,LD_10,0.05810318434293582,0.06863629755198708,0.020176231877426825,0.02136850158619988,199837,64
disc_3,disc,LD_11,0.0468141823518744,0.04679035274120957,0.013751174351931695,0.014048405595245719,199837,64
disc_3,disc,LD_12,0.042060031428861056,0.02963378283627116,0.008683227978919138,0.010501199334142612,199837,64
disc_3,disc,LD_13,0.03085690671689667,0.017836443356712084,0.005783874374973118,0.006507505739480409,199837,64
disc_3,disc,LD_14,0.019547032564266043,0.0172055073239602,0.0033283143422463343,0.004828594054360582,199837,64
disc_3,disc,LD_15,0.008123779976490053,0.0027676917191583605,0.0018613659351818883,0.0052149885517239975,199837,64
disc_3,disc,$\pi$,0.4578043562293598,0.4514371173304911,1.643007096567317,1.649141378669809,199837,64
disc_3,disc,#haps,0.08081036328079383,0.07800149204690032,12.064432490111416,11.987444547755414,199837,64
disc_3,disc,ihs_maxabs,0.2650180960443028,0.26843421303755977,0.22393881230390736,0.22331153665629697,199837,64
disc_3,disc,garud_h1,0.4963562825262742,0.5004601643307244,0.06915338602401229,0.06931570511657137,199837,64
disc_3,disc,garud_h12,0.3622704779728366,0.36245203638094614,0.1153451578330154,0.11544119976673797,199837,64
disc_3,disc,garud_h123,0.2735867025260317,0.27154135664239565,0.14048657029113848,0.14040135461930317,199837,64
disc_3,disc,garud_h2_h1,0.4175414828548383,0.41923862123959754,0.15020156206578425,0.1498021040987005,199837,64
disc_4,disc,SFS_1,0.20543383526120262,0.2059674220922324,3.9745784977529994,3.9444838692279225,199837,64
disc_4,disc,SFS_2,0.057083882088350024,0.059465036855214315,2.1375535896713895,2.12547335015398,199837,64
disc_4,disc,SFS_3,0.03625034014941497,0.032851884052758185,1.8296830904513353,1.7807866792984868,199837,64
disc_4,disc,SFS_4,0.025993260569218135,0.0205478955754822,1.6465857331690568,1.615342286109609,199837,64
disc_4,disc,SFS_5,0.018701065235023906,0.019975669706059573,1.551963213215877,1.5565280726930557,199837,64
disc_4,disc,SFS_6,0.016240092481714652,0.014366923094527695,1.457589032001967,1.4701170334881641,199837,64
disc_4,disc,SFS_7,0.011634520323578257,0.014043332824248411,1.408791909561916,1.4598790924052776,199837,64
disc_4,disc,SFS_8,0.0094951875700513,0.009687790244041206,1.396130067157615,1.4093085658747349,199837,64
disc_4,disc,SFS_9,0.008826856545531059,0.007571134788384892,1.334670788511924,1.3433688367318524,199837,64
disc_4,disc,LD_1,0.4972229135369165,0.4999028162285827,0.06862649932672692,0.06775452161422307,199837,64
disc_4,disc,LD_2,0.4421227871311424,0.44006271217590465,0.0690860938871445,0.06858932786765902,199837,64
disc_4,disc,LD_3,0.3077431750201023,0.30148599752702365,0.07805211026625943,0.07701469725958136,199837,64
disc_4,disc,LD_4,0.10800300572112809,0.10504699409546037,0.08965521381095443,0.09067188851418728,199837,64
disc_4,disc,LD_5,0.03881859326712267,0.03765087243277465,0.08974643451602064,0.0911947003366905,199837,64
disc_4,disc,LD_6,0.070283393542525,0.06476694415971407,0.07716042358400833,0.07917430395308528,199837,64
disc_4,disc,LD_7,0.10621966535219984,0.10507802482424644,0.05883076263581158,0.05947443364834853,199837,64
disc_4,disc,LD_8,0.1280621030184278,0.12648081276338097,0.04151033281929939,0.0414344978540361,199837,64
disc_4,disc,LD_9,0.11751977973582595,0.12629410141752107,0.02914778080611084,0.028643563858839285,199837,64
disc_4,disc,LD_10,0.0962079878132559,0.10723597282439612,0.019763899892284303,0.020921015271521695,199837,64
disc_4,disc,LD_11,0.05853303356509487,0.06459965482632779,0.013666381682906811,0.013916550046217356,199837,64
disc_4,disc,LD_12,0.03759371855626659,0.029320177849215145,0.008703446841683078,0.010502896096863674,199837,64
disc_4,disc,LD_13,0.01764287175007495,0.01881180663167692,0.0058231717498212,0.006504273712259071,199837,64
disc_4,disc,LD_14,0.010872427367333293,0.010048178421024012,0.0033430056296464925,0.004846144591373358,199837,64
disc_4,disc,LD_15,0.004217759037615565,0.0020767992430481552,0.0018650273751714015,0.005216794736948651,199837,64
disc_4,disc,$\pi$,0.5920202017094378,0.5934518528678638,1.4252162214705948,1.4197133705153167,199837,64
disc_4,disc,#haps,0.1127758373694312,0.10655171727143853,11.85280169195653,11.800385935627029,199837,64
disc_4,disc,ihs_maxabs,0.2611637824601126,0.2611073080112333,0.22452522251003654,0.22442702489562433,199837,64
disc_4,disc,garud_h1,0.5048648029949566,0.5024980249075397,0.06856676172720344,0.06917417476237848,199837,64
disc_4,disc,garud_h12,0.3849135927382583,0.3809738037867134,0.1132789386997818,0.11375196674842554,199837,64
disc_4,disc,garud_h123,0.3032637250894341,0.29872060415474355,0.13758691358985345,0.13775722547478297,199837,64
disc_4,disc,garud_h2_h1,0.43331225194295453,0.4329548959985495,0.14815416350008537,0.14802253996567047,199837,64
random-weights_0,random-weights,SFS_1,0.1911788055575392,0.19117139516614,4.010073257192558,3.9810650575464437,199837,64
random-weights_0,random-weights,SFS_2,0.05382721304972882,0.05448169904725253,2.141241777853915,2.131096723577728,199837,64
random-weights_0,random-weights,SFS_3,0.034425484806453355,0.032921314777136446,1.8314145192891942,1.7807227575856832,199837,64
random-weights_0,random-weights,SFS_4,0.025123365824812227,0.023993169651484902,1.6473208598101172,1.6124987577944445,199837,64
random-weights_0,random-weights,SFS_5,0.021233747511524625,0.019945876956210862,1.5499591505132635,1.5565517317480593,199837,64
random-weights_0,random-weights,SFS_6,0.01747779242174685,0.016472967704185604,1.4566718236278864,1.4685455624176764,199837,64
random-weights_0,random-weights,SFS_7,0.013058937020846262,0.013743384475874976,1.4077763792291622,1.4601011381799904,199837,64
random-weights_0,random-weights,SFS_8,0.011122462524780774,0.011805574605143199,1.3949827626029025,1.4078008549886774,199837,64
random-weights_0,random-weights,SFS_9,0.010413067319556157,0.009455500861926036,1.3336023995615103,1.3420928755475525,199837,64
random-weights_0,random-weights,LD_1,0.3864119508214302,0.3906888014918769,0.07581280292798166,0.07478778293393072,199837,64
random-weights_0,random-weights,LD_2,0.34021370407244844,0.341088904561895,0.07513165794433874,0.07440468163262073,199837,64
random-weights_0,random-weights,LD_3,0.22551651642794712,0.22125367916986183,0.08255760900110298,0.08131750747490164,199837,64
random-weights_0,random-weights,LD_4,0.07970196433226628,0.08010383825467549,0.09106638617844326,0.09192675908696572,199837,64
random-weights_0,random-weights,LD_5,0.014924868944434677,0.014690602470172731,0.09085507699295316,0.09227617512898867,199837,64
random-weights_0,random-weights,LD_6,0.007533934301671041,0.00462350939265832,0.07972180848856324,0.08168043073508319,199837,64
random-weights_0,random-weights,LD_7,0.009063269855070555,0.004784909889794964,0.06194582538405356,0.06271857828017878,199837,64
random-weights_0,random-weights,LD_8,0.008076967852831074,0.006932591685056111,0.044274373640395284,0.04417893272757018,199837,64
random-weights_0,random-weights,LD_9,0.005881390549848042,0.005133230606550132,0.03093656614277107,0.030565174589331383,199837,64
random-weights_0,random-weights,LD_10,0.0037420240948676797,0.002851935511076653,0.02075029626410217,0.022110279901852235,199837,64
random-weights_0,random-weights,LD_11,0.0023695569506111402,0.0006119595999777294,0.014068113038822735,0.014384669789714578,199837,64
random-weights_0,random-weights,LD_12,0.0012120767488837947,0.00039352384097535165,0.008866428126120112,0.010658242536779773,199837,64
random-weights_0,random-weights,LD_13,0.0009173936459113685,5.360204941495805e-05,0.0058725347874166,0.006566153212686918,199837,64
random-weights_0,random-weights,LD_14,0.0005689326879105838,-2.5844390117768512e-05,0.003360372148151764,0.004870740029343833,199837,64
random-weights_0,random-weights,LD_15,0.0003384705925083553,-5.9097667435281664e-05,0.0018686566558405936,0.005222374615197623,199837,64
random-weights_0,random-weights,$\pi$,0.7710466873502638,0.769753109234811,1.0676647224076339,1.0684189112086504,199837,64
random-weights_0,random-weights,#haps,0.06431288713481176,0.0625670795432608,12.172216320881741,12.087364050534447,199837,64
random-weights_0,random-weights,ihs_maxabs,0.2309812752922754,0.23285538691750673,0.22906540526348443,0.22867731618458328,199837,64
random-weights_0,random-weights,garud_h1,0.2444767929101027,0.2417311688013526,0.08469848530995196,0.08540006169767957,199837,64
random-weights_0,random-weights,garud_h12,0.1960489138216105,0.1919637219553395,0.12950779817897287,0.12996303057467606,199837,64
random-weights_0,random-weights,garud_h123,0.1616397215863158,0.15727693385736385,0.15092398505522484,0.15101194047313604,199837,64
random-weights_0,random-weights,garud_h2_h1,0.2180526210737984,0.2179478599025786,0.17403264199328036,0.17383487276408863,199837,64
random-weights_1,random-weights,SFS_1,0.16767157770570496,0.1706688981699448,4.067929405125444,4.031206077854799,199837,64
random-weights_1,random-weights,SFS_2,0.05545917274226908,0.054637133420449735,2.1393943730155254,2.1309215501846475,199837,64
random-weights_1,random-weights,SFS_3,0.03652547700388331,0.035012642340897626,1.829421897526648,1.7787962907065253,199837,64
random-weights_1,random-weights,SFS_4,0.027112435709106375,0.02422512326264914,1.6456394627702062,1.6123071366278867,199837,64
random-weights_1,random-weights,SFS_5,0.023090591628046386,0.021849947726002128,1.5484882176848382,1.5550389451013873,199837,64
random-weights_1,random-weights,SFS_6,0.019644070020946702,0.01978323293802775,1.455065093118877,1.4660721313544005,199837,64
random-weights_1,random-weights,SFS_7,0.01502652893690537,0.015873514380601472,1.4063723889320563,1.4585235131325252,199837,64
random-weights_1,random-weights,SFS_8,0.012637534548288976,0.013111086034892527,1.3939137174343081,1.4068706192591878,199837,64
random-weights_1,random-weights,SFS_9,0.011940360278104634,0.01176908841358093,1.3325728851370036,1.3405246145618832,199837,64
random-weights_1,random-weights,LD_1,0.33837547469898555,0.3401040859422375,0.0787244989299702,0.07783031684821265,199837,64
random-weights_1,random-weights,LD_2,0.29021319581460303,0.29241373687951955,0.07792652099106406,0.07710393607717052,199837,64
random-weights_1,random-weights,LD_3,0.19715615976545087,0.19552259721017173,0.08405558327705683,0.08265002307112303,199837,64
random-weights_1,random-weights,LD_4,0.07308835946495973,0.07211865110987592,0.09139301890786859,0.09232488351176839,199837,64
random-weights_1,random-weights,LD_5,0.017853558221686106,0.015212876634514094,0.09071991757786428,0.09225171588276725,199837,64
random-weights_1,random-weights,LD_6,0.009190464526172892,0.006321465453112296,0.07965524866244694,0.08161073400226551,199837,64
random-weights_1,random-weights,LD_7,0.008898096224217333,0.006579897785481403,0.061950987868321365,0.06266199257412612,199837,64
random-weights_1,random-weights,LD_8,0.008101404794891964,0.005483739095272666,0.04427382826694792,0.0442111487840575,199837,64
random-weights_1,random-weights,LD_9,0.0056719279519933385,0.004374114810310137,0.030939825166466817,0.030576833478330238,199837,64
random-weights_1,random-weights,LD_10,0.0038748326541104827,0.0037281420228345574,0.020748913133996228,0.022100563476754556,199837,64
random-weights_1,random-weights,LD_11,0.0024611659650589646,0.0009083262767310973,0.014067467110479874,0.01438253675794282,199837,64
random-weights_1,random-weights,LD_12,0.0012771330522070024,0.0006292208139995203,0.008866139362901601,0.010656985910465402,199837,64
random-weights_1,random-weights,LD_13,0.0009157032929406617,-0.00023256476783539703,0.005872539755300318,0.006567092703420812,199837,64
random-weights_1,random-weights,LD_14,0.0005255918323300302,6.845728671167617e-05,0.0033604450095175015,0.004870510370388711,199837,64
random-weights_1,random-weights,LD_15,0.0003775316569828435,-3.148257492546769e-05,0.001868620147267939,0.00522230251078197,199837,64
random-weights_1,random-weights,$\pi$,0.8122693496691085,0.8113058818275048,0.9667830322211937,0.9672168656334128,199837,64
random-weights_1,random-weights,#haps,0.0569925567640579,0.054672807144987234,12.219738107212644,12.138152162937914,199837,64
random-weights_1,random-weights,ihs_maxabs,0.2679708494004379,0.2724285753529926,0.22348852806274236,0.2227010597146451,199837,64
random-weights_1,random-weights,garud_h1,0.26527595383102487,0.26729452778821416,0.08352449647405236,0.08394818282989908,199837,64
random-weights_1,random-weights,garud_h12,0.21438447148452178,0.21574256396817193,0.12802245061208845,0.1280364790818484,199837,64
random-weights_1,random-weights,garud_h123,0.17242679619800805,0.1713341183363718,0.14994988167612963,0.1497471538279939,199837,64
random-weights_1,random-weights,garud_h2_h1,0.21994403232256587,0.2210988790117383,0.17382203537316243,0.1734843143784324,199837,64
random-weights_2,random-weights,SFS_1,0.1467361573966769,0.1478513891411235,4.11877166446803,4.0862853811582625,199837,64
random-weights_2,random-weights,SFS_2,0.04752297512139547,0.04690104582453303,2.1483633559748685,2.1396226578027555,199837,64
random-weights_2,random-weights,SFS_3,0.031061171802567844,0.029302036574796464,1.8346023074350954,1.7840518105370915,199837,64
random-weights_2,random-weights,SFS_4,0.023201841110005783,0.020380876402287473,1.648943531541069,1.6154800067961677,199837,64
random-weights_2,random-weights,SFS_5,0.019269791632699707,0.01848292805188967,1.5515134163494397,1.5577130484754784,199837,64
random-weights_2,random-weights,SFS_6,0.01689171426128666,0.017087771993491097,1.4571062139459068,1.4680864955993036,199837,64
random-weights_2,random-weights,SFS_7,0.012962887081900853,0.012672637921917085,1.4078448805564712,1.460893515201918,199837,64
random-weights_2,random-weights,SFS_8,0.010931874235057704,0.01176215081369747,1.3951171849958646,1.4078317858346694,199837,64
random-weights_2,random-weights,SFS_9,0.010526785969002472,0.009614294937166257,1.3335257717201856,1.3419852958582525,199837,64
random-weights_2,random-weights,LD_1,0.3839157760277615,0.38413052667966585,0.07596685574219016,0.07518919200187346,199837,64
random-weights_2,random-weights,LD_2,0.3310774936550468,0.3280701602578009,0.0756500520840773,0.07513612898384293,199837,64
random-weights_2,random-weights,LD_3,0.22620859461517373,0.22347903690325321,0.08252071403074725,0.0812012372574733,199837,64
random-weights_2,random-weights,LD_4,0.08945659554263541,0.08981035900757861,0.09058247474179909,0.09144047849515508,199837,64
random-weights_2,random-weights,LD_5,0.024469899073840673,0.021551828461109923,0.09041382870124645,0.09195433015971484,199837,64
random-weights_2,random-weights,LD_6,0.011635188976310884,0.008583635341961049,0.07955691724866296,0.0815177851603695,199837,64
random-weights_2,random-weights,LD_7,0.009630790609918227,0.007533220624324044,0.06192808430359469,0.06263191896937272,199837,64
random-weights_2,random-weights,LD_8,0.008383560640254695,0.006143144440545423,0.04426753074419353,0.04419648944514082,199837,64
random-weights_2,random-weights,LD_9,0.0054753892848891095,0.004475389166290866,0.030942882794886113,0.030575278311918964,199837,64
random-weights_2,random-weights,LD_10,0.0037720888940492303,0.0026972091787658137,0.020749983163373283,0.02211199524881919,199837,64
random-weights_2,random-weights,LD_11,0.00205740787978248,0.0008620270412148523,0.014070313756029655,0.014382870007012794,199837,64
random-weights_2,random-weights,LD_12,0.00128865348028262,0.0005044406661898204,0.008866088226586025,0.010657651198463979,199837,64
random-weights_2,random-weights,LD_13,0.000896363225182939,0.00010681121263345084,0.005872596594731943,0.006565978511239596,199837,64
random-weights_2,random-weights,LD_14,0.0004436858006244826,1.4802596056240347e-05,0.003360582699424589,0.004870641040444915,199837,64
random-weights_2,random-weights,LD_15,0.000322216109223894,-8.816415021817292e-06,0.001868671847945128,0.005222243327537957,199837,64
random-weights_2,random-weights,$\pi$,0.7634136407783702,0.7599663268836536,1.0853161806286884,1.0908895082008843,199837,64
random-weights_2,random-weights,#haps,0.0728390984093843,0.06932111607408997,12.11663128943456,12.043741687593853,199837,64
random-weights_2,random-weights,ihs_maxabs,0.29133942532950263,0.29064716148274516,0.2198923817601969,0.21989513556261603,199837,64
random-weights_2,random-weights,garud_h1,0.3303179510813422,0.3293798737190825,0.07974180614027637,0.08031281968096715,199837,64
random-weights_2,random-weights,garud_h12,0.27124362770773824,0.2675360344805827,0.12330261559274995,0.1237364158730745,199837,64
random-weights_2,random-weights,garud_h123,0.22143937434556926,0.2153406187995932,0.1454417647364205,0.1457167355631637,199837,64
random-weights_2,random-weights,garud_h2_h1,0.2672749182692191,0.2706413263593337,0.1684660829805665,0.16787639156048592,199837,64
random-weights_3,random-weights,SFS_1,0.17382953786149147,0.17651132485634935,4.052853233309898,4.0169815707932655,199837,64
random-weights_3,random-weights,SFS_2,0.055739998363195986,0.0568399713771639,2.1390763129598365,2.1284374180563597,199837,64
random-weights_3,random-weights,SFS_3,0.035990202369172386,0.03445419962274099,1.8299300101666505,1.7793109151492152,199837,64
random-weights_3,random-weights,SFS_4,0.026608900307005467,0.02404773366248647,1.6460652727854994,1.6124536835045118,199837,64
random-weights_3,random-weights,SFS_5,0.022211741413261654,0.021625436452766156,1.5491845889434317,1.5552173961180291,199837,64
random-weights_3,random-weights,SFS_6,0.018532169896301354,0.018520141949349256,1.4558900121738394,1.4670164053150667,199837,64
random-weights_3,random-weights,SFS_7,0.014457382535584706,0.013937779929297123,1.4067786517466276,1.459957234957398,199837,64
random-weights_3,random-weights,SFS_8,0.011776126917056984,0.012119215392942584,1.3945216330585017,1.4075774278985316,199837,64
random-weights_3,random-weights,SFS_9,0.011339879137623021,0.01138351399550075,1.3329777510555,1.340786102836255,199837,64
random-weights_3,random-weights,LD_1,0.4449433321199584,0.44780512603088074,0.07210622667494868,0.07119627374109021,199837,64
random-weights_3,random-weights,LD_2,0.3830882901605811,0.38507880002830297,0.0726495341999736,0.07187809946702231,199837,64
random-weights_3,random-weights,LD_3,0.258229468034765,0.2573370021396889,0.08079524728031835,0.0794112345096699,199837,64
random-weights_3,random-weights,LD_4,0.09497340884433514,0.09504648738766153,0.0903076466344538,0.09117708026964334,199837,64
random-weights_3,random-weights,LD_5,0.02021335986567796,0.02039416180840581,0.0906108657352511,0.09200871269911375,199837,64
random-weights_3,random-weights,LD_6,0.011314523020622858,0.01000272728505247,0.07956982196043211,0.0814594228709109,199837,64
random-weights_3,random-weights,LD_7,0.010147581867110511,0.009172727009378101,0.061911924638910626,0.06258016515953257,199837,64
random-weights_3,random-weights,LD_8,0.00917771293577585,0.007355914458085366,0.04424980100453377,0.044169515470676435,199837,64
random-weights_3,random-weights,LD_9,0.00678477554980228,0.005483684822045198,0.030922506461343823,0.03055979063335362,199837,64
random-weights_3,random-weights,LD_10,0.00398155291180069,0.003797080338951875,0.02074780163278108,0.022099798825029986,199837,64
random-weights_3,random-weights,LD_11,0.0025066150254032804,0.0010910231978834561,0.01406714664153051,0.014381221680763757,199837,64
random-weights_3,random-weights,LD_12,0.0014449936766238736,0.00039382948884569835,0.008865394242168052,0.010658240907303844,199837,64
random-weights_3,random-weights,LD_13,0.0010226565154668465,0.0004623307595705839,0.005872225415527594,0.0065648111159287426,199837,64
random-weights_3,random-weights,LD_14,0.00044797643611937943,0.000181246475741359,0.0033605754866989613,0.0048702356733803485,199837,64
random-weights_3,random-weights,LD_15,0.0005862308229204194,-4.5858806818621645e-05,0.0018684250737099474,0.005222340047981247,199837,64
random-weights_3,random-weights,$\pi$,0.8021238217122416,0.8028209679253081,0.9925632340398756,0.9887239279791026,199837,64
random-weights_3,random-weights,#haps,0.0784551737262893,0.0774879765770784,12.07987862146464,11.990782341298896,199837,64
random-weights_3,random-weights,ihs_maxabs,0.2705323842932943,0.27258997479980196,0.2230971670465692,0.2226763571079812,199837,64
random-weights_3,random-weights,garud_h1,0.2988978261180343,0.2958045773311737,0.0815910263365138,0.08229873902754749,199837,64
random-weights_3,random-weights,garud_h12,0.24985737479818038,0.24498132698170716,0.12509876683588875,0.12562707454704147,199837,64
random-weights_3,random-weights,garud_h123,0.2097747085914221,0.20436184586500417,0.14652724361842806,0.14673261189374526,199837,64
random-weights_3,random-weights,garud_h2_h1,0.23628851200017698,0.2384426275626944,0.1719913521752395,0.17154195806490027,199837,64
random-weights_4,random-weights,SFS_1,0.19091028129165288,0.19376839182519756,4.0107388632787115,3.974668693138515,199837,64
random-weights_4,random-weights,SFS_2,0.058409755970907584,0.05777516523099957,2.136050209137134,2.127381926306115,199837,64
random-weights_4,random-weights,SFS_3,0.037715218491319646,0.03620660825681332,1.8282920225716164,1.7776955097084683,199837,64
random-weights_4,random-weights,SFS_4,0.027568856184948975,0.02557542729961204,1.6452533998333956,1.6111911730007895,199837,64
random-weights_4,random-weights,SFS_5,0.023098732948630185,0.021708604097492534,1.5484817653131249,1.5551512933586384,199837,64
random-weights_4,random-weights,SFS_6,0.018791589544305598,0.018592299096430787,1.4556975904644662,1.4669624777365602,199837,64
random-weights_4,random-weights,SFS_7,0.014504189457134165,0.01491908356199012,1.4067452448910192,1.45923059827899,199837,64
random-weights_4,random-weights,SFS_8,0.012286488204805934,0.013311901283447614,1.3941614910962623,1.4067274747559797,199837,64
random-weights_4,random-weights,SFS_9,0.011754029645851483,0.011105582002225889,1.3326985290926527,1.3409745587098287,199837,64
random-weights_4,random-weights,LD_1,0.48016158244252116,0.48672214498263655,0.06978117747432233,0.06864159120595054,199837,64
random-weights_4,random-weights,LD_2,0.404004341094401,0.40891699255904224,0.07140734328627261,0.07047110632894796,199837,64
random-weights_4,random-weights,LD_3,0.27140076804221447,0.26998950601858396,0.08007471117963329,0.07873187711323726,199837,64
random-weights_4,random-weights,LD_4,0.09509882148719406,0.09736766241712524,0.09030138929730279,0.09106007213364362,199837,64
random-weights_4,random-weights,LD_5,0.016857228918607636,0.01955565227185707,0.09076592090129514,0.09204808245254434,199837,64
random-weights_4,random-weights,LD_6,0.009040079855998306,0.0064614255767342366,0.07966129345378381,0.08160498634331022,199837,64
random-weights_4,random-weights,LD_7,0.009547119971662688,0.0064265102823022335,0.06193070022342286,0.06266683000170464,199837,64
random-weights_4,random-weights,LD_8,0.008661021573804328,0.0066874607000707575,0.0442613371348396,0.044184385004517684,199837,64
random-weights_4,random-weights,LD_9,0.006157878687865548,0.00504665230744572,0.030932263744490544,0.030566504527841005,199837,64
random-weights_4,random-weights,LD_10,0.004201091644660648,0.002870283298568199,0.02074551492959943,0.02211007648342441,199837,64
random-weights_4,random-weights,LD_11,0.002573576999601812,0.0007339285827806519,0.01406667446811375,0.014383791983994752,199837,64
random-weights_4,random-weights,LD_12,0.0013972209708184025,0.00046440028393024413,0.008865606308004625,0.010657864672225943,199837,64
random-weights_4,random-weights,LD_13,0.0009051300291280651,9.879749605490318e-05,0.005872570829629086,0.006566004822942693,199837,64
random-weights_4,random-weights,LD_14,0.0006712061228034694,-2.7281529990652587e-05,0.003360200207531718,0.004870743529219477,199837,64
random-weights_4,random-weights,LD_15,0.000454952639515227,-3.198373629054174e-05,0.0018685477833437273,0.005222303819348737,199837,64
random-weights_4,random-weights,$\pi$,0.8241133648352126,0.824967183756504,0.9357888098590563,0.9315462452276988,199837,64
random-weights_4,random-weights,#haps,0.0779519668228208,0.075557869744317,12.083176262858405,12.003319521093562,199837,64
random-weights_4,random-weights,ihs_maxabs,0.29294907990901753,0.29717228633130044,0.21964250755252374,0.21888142413951608,199837,64
random-weights_4,random-weights,garud_h1,0.3457000364410605,0.3502686901497737,0.07882068183058984,0.07905211247412586,199837,64
random-weights_4,random-weights,garud_h12,0.27869953351118193,0.2816590702398005,0.12267023949878092,0.12253769491204992,199837,64
random-weights_4,random-weights,garud_h123,0.22789959408266247,0.22740929176493951,0.1448370957202853,0.1445917746134369,199837,64
random-weights_4,random-weights,garud_h2_h1,0.275813357518505,0.27919211362036467,0.16748163972127295,0.1668894235021345,199837,64
